日付,出勤時刻,退勤時刻
5/1,9:00,18:00
5/2,9:00,18:00
5/3,9:00,18:00
5/4,9:00,18:00
5/5,9:00,18:00
5/6,9:00,18:00
5/7,9:00,18:00
5/8,9:00,18:00
5/9,9:00,18:00
5/10,9:00,18:00
5/11,9:00,18:00
5/12,9:00,18:00
5/13,9:00,18:00
5/14,9:00,18:00
5/15,9:00,18:00
5/16,9:00,18:00
5/17,9:00,18:00
5/18,9:00,18:00
5/19,9:00,18:00
5/20,9:00,18:00
5/21,9:00,18:00
5/22,9:00,18:00
5/23,9:00,18:00
5/24,9:00,18:00
5/25,9:00,18:00
5/26,9:00,18:00
5/27,9:00,18:00
5/28,9:00,18:00
5/29,9:00,18:00
5/30,9:00,18:00
5/31,9:00,18:00